name,lastName,age
John,Doe,20
Jane,Smith,22
Emily,Jones,19
Michael,Brown,21
Emma,Johnson,23
Daniel,Williams,24
Sophia,Taylor,20
Liam,Anderson,22
Olivia,Thomas,21
Noah,Jackson,23
Ava,White,19
Ethan,Harris,22
Isabella,Martin,20
James,Thompson,21
Mia,Garcia,23
Benjamin,Martinez,24
Charlotte,Robinson,20
Lucas,Clark,22
Amelia,Rodriguez,19
Logan,Lewis,21
Harper,Lee,23
Alexander,Walker,24
Evelyn,Hall,22
Jacob,Allen,20
Abigail,Young,21
Michael,Hernandez,23
Emily,King,19
Daniel,Wright,22
Madison,Scott,20
William,Green,21
Elizabeth,Baker,23
Sebastian,Gonzalez,24
Sofia,Nelson,22
Matthew,Carter,19
Scarlett,Mitchell,21
David,Perez,23
Grace,Roberts,20
Joseph,Turner,22
Chloe,Phillips,19
Samuel,Campbell,21
Lily,Parker,24
Andrew,Evans,20
Victoria,Edwards,22
Joshua,Collins,19
Hannah,Stewart,23
Nicholas,Sanchez,24
Ella,Morris,20
Christopher,Rogers,21
Aria,Reed,22
Ryan,Cook,19
Zoe,Morgan,23
Henry,Bell,24
Nora,Murphy,20
Owen,Bailey,22
Addison,Rivera,19
Caleb,Cooper,21
Lillian,Richardson,23
Dylan,Cox,20
Aubrey,Howard,22
Isaac,Ward,21
Ellie,Torres,19
Jack,Peterson,23
Stella,Gray,24
Levi,Ramirez,20
Lucy,James,22
Gabriel,Watson,19
Penelope,Brooks,21
Nathan,Kelly,23
Claire,Sanders,24
Owen,Price,20
Violet,Bennett,22
Christian,Wood,19
Eleanor,Barnes,21
Julian,Ross,23
Hazel,Henderson,24
Thomas,Coleman,20
Layla,Jenkins,22
Charles,Perry,19
Riley,Powell,21
Grayson,Long,23
Natalie,Patterson,24
Isaiah,Hughes,20
Aurora,Flores,22
Aaron,Washington,19
Leah,Butler,21
Adrian,Simmons,23
Samantha,Foster,20
Jonathan,Bryant,22
Brooklyn,Alexander,19
Connor,Russell,21
Savannah,Griffin,23
Brayden,Diaz,24
Audrey,Hayes,20
Eli,Myers,22
Allison,Ford,19
Landon,Hamilton,21
Skylar,Graham,23
Cameron,Sullivan,20
Anna,Wallace,22
Jeremiah,West,19